podcast_title,podcast_id,nr_of_reviews,average_rating,main_category,sentiment_bool,compound_score_mean,compound_score_min,compound_score_max,compound_score_median,unique_authors,reviews_per_author
Fantastic Geeks,d55e7cf6f53368e69bb466d2e7e73faf,1631,4.951563458001226,tv-film,0.897608828939301,0.8045976088289394,-0.9344,0.9997,0.9335,1209,1.3490488006617039
Everything Iconic with Danny Pellegrino,d4f0251921808036574cebb0ec6958a7,1429,4.825752274317705,tv-film,0.841147655703289,0.7254202939118265,-0.9328,0.998,0.8834,1293,1.1051817478731631
Rebel Force Radio: Star Wars Podcast,dda9360560ecf7b41c8646aa5a1c62b0,788,4.210659898477157,tv-film,0.5101522842639594,0.4117488578680203,-0.9807,0.9989,0.69645,735,1.0721088435374149
Teen Mom Trash Talk,e0e252c7d16499f9d745fe70b005341f,767,4.558018252933508,tv-film,0.7992177314211213,0.6691332464146025,-0.9825,0.9972,0.8493,716,1.0712290502793296
Cinephile with Adnan Virk,b0fd01d95de37b63c5f67a78d61d5ae6,735,4.808163265306122,tv-film,0.8340136054421768,0.6985650340136056,-0.8271,0.9987,0.8689,546,1.3461538461538463
The Storm: A Lost Rewatch Podcast,f1532be08580cab6125c489e2376a7cd,733,4.720327421555252,tv-film,0.8130968622100955,0.7391129604365622,-0.9986,0.9986,0.9412,715,1.0251748251748252
Unspooled,e60583b361eedd2da09618cf854b38ea,676,3.8653846153846154,tv-film,0.5946745562130178,0.5057961538461537,-0.979,0.9966,0.79035,624,1.0833333333333333
Dead Meat Podcast,ca3622c926e0b4bf88750b796e19f0ad,632,4.8085443037974684,tv-film,0.6787974683544303,0.5429643987341772,-0.9821,0.9959,0.7646999999999999,610,1.0360655737704918
Movie Trivia Schmoedown,f929152fe3adc9d3a04d0419586f15e6,629,4.8203497615262325,tv-film,0.8362480127186009,0.6788278219395867,-0.8922,0.997,0.8316,577,1.0901213171577122
The Horror Virgin,b59405dae856ae9762212f55ff854399,564,4.718085106382978,tv-film,0.7624113475177305,0.6653654255319148,-0.9834,0.9955,0.88425,553,1.0198915009041591
Darknet Diaries,be3ef6444047190e8af5541d75d78a24,679,4.855670103092783,technology,0.8276877761413843,0.6516837997054492,-0.9555,0.9929,0.7902,644,1.0543478260869565
107 Degrees - Maura Murray,f7672da3ce64d2978f30a0f28cdf195b,66,2.9545454545454546,technology,0.25757575757575757,0.21043030303030308,-0.9843,0.994,0.36985,61,1.0819672131147542
Talking Bay 94: A Star Wars Podcast,ae92bcf6a4d7bd89fa1e68584690f036,66,5.0,technology,0.696969696969697,0.5679939393939395,-0.8614,0.991,0.7935,65,1.0153846153846153
Overtired,b9859265fc8ee814d9d146e09696e7dc,49,4.816326530612245,technology,0.9183673469387755,0.6901530612244897,-0.532,0.9735,0.7964,49,1.0
Mousterpiece Cinema,e79edbeea27d429fde9b6a5055f20b90,43,4.069767441860465,technology,0.627906976744186,0.5934790697674418,-0.8895,0.9872,0.8873,42,1.0238095238095237
NetHeads,d78f8fe0957ec1f6778d0d024ba11fea,33,4.848484848484849,technology,0.6666666666666666,0.49592424242424243,-0.9031,0.9764,0.5093,33,1.0
Original Content,a02a7fa5cfec407fa59f9780ef209883,32,2.4375,technology,0.40625,0.338678125,-0.7574,0.9872,0.6513,32,1.0
GeekiNtertainment – Geekshow,d4a590bb8706f99d8e73517facd03c4e,23,4.956521739130435,technology,1.0,0.8452782608695651,0.2263,0.9898,0.8885,23,1.0
Early Odds,ec9c430be1a98ef458339b61e452ab8d,22,4.7727272727272725,technology,0.8181818181818182,0.6561772727272727,-0.0516,0.9743,0.8358,22,1.0
Write On: A Screenwriting Podcast,b0f354feea670e9cc9d2aa07d1ac9138,19,4.315789473684211,technology,0.8947368421052632,0.6505473684210528,-0.8074,0.9842,0.8065,19,1.0
FantasyPros - Fantasy Football Podcast,d8a064bd29549ddd282ffe484fcdcc85,4666,4.822974710672954,sports,0.8840548649807115,0.7221140162880412,-0.9656,0.9984,0.8519,4292,1.087138863000932
BASS TALK LIVE,dd506eb4fe978de9a045bae9330ad109,1575,4.960634920634921,sports,0.9060317460317461,0.7238100317460318,-0.8709,0.9958,0.8221,1382,1.1396526772793054
Locked On Lakers - Daily Podcast On The Los Angeles Lakers,d18048f07e38e2a022c07b4638439321,1507,4.708692767086927,sports,0.6469807564698076,0.5311175846051759,-0.9971,0.9981,0.765,826,1.824455205811138
Fantasy Focus Football,c4cc8397589a079425c03a04eafab41a,1497,3.270541082164329,sports,0.44488977955911824,0.3597251837007348,-0.9938,0.998,0.5461,1338,1.1188340807174888
Harris Fantasy Football Podcast,a61cde11d99095d5f55c509e4729dbd1,1296,4.720679012345679,sports,0.7947530864197531,0.6346836419753086,-0.9911,0.9988,0.8122,1099,1.1792538671519563
The MeatEater Podcast,f5393b43ce6c3042992ec1d481ef5bfd,1282,4.58814352574103,sports,0.7566302652106084,0.6032794851794072,-0.9817,0.9958,0.7841,1206,1.0630182421227197
The Mina Kimes Show featuring Lenny,a044f5e6a4b0893472341faf786be1fe,1261,4.865979381443299,sports,0.7121332275971451,0.5613111022997621,-0.9428,0.998,0.7399,1068,1.1807116104868913
Fantasy Baseball Today,a76936d990f823f0ad560af50ff2aa64,1233,4.626926196269262,sports,0.7145174371451744,0.5838794809407948,-0.9598,0.9958,0.795,1070,1.152336448598131
The Solid Verbal - College Football Podcast,b99f93a4924eb3a960d70ae263cd18a1,926,4.773218142548596,sports,0.8509719222462203,0.6791957883369331,-0.899,0.9987,0.8176,880,1.0522727272727272
NFL: Move the Sticks with Daniel Jeremiah & Bucky Brooks,e354ca35b4478acb5ff42ee4c173a891,846,4.756501182033097,sports,0.8404255319148937,0.668633451536643,-0.9903,0.9975,0.8172,765,1.1058823529411765
True Crime Obsessed,b1a3eb2aa8e82ecbe9c91ed9a963c362,7310,4.207797537619699,society-culture,0.6831737346101231,0.5857408071135431,-0.994,0.9993,0.8433,6717,1.0882834598779216
Bachelor Happy Hour,ef47233dcfdc0bf67681db6322b57f58,4493,3.5675495214778543,society-culture,0.462942354774093,0.3971435789005119,-0.9976,0.9998,0.704,3763,1.1939941536008505
Something Was Wrong,ae44a724e94dcec1616d6e695e6198ba,3972,3.4410876132930515,society-culture,0.27844914400805637,0.22465292044310173,-0.9983,0.996,0.4589,3603,1.1024146544546212
Up and Vanished,f2cadc1f3da8e13fd590e21c2c9885ae,3828,4.275862068965517,society-culture,0.6363636363636364,0.5160347962382444,-0.9932,0.997,0.7509,3763,1.0172734520329525
Going West: True Crime,a9bdaba5449189a4587793e36ce4f704,2958,4.601757944557133,society-culture,0.7944557133198107,0.6589336375929682,-0.9882,0.9966,0.8429,2711,1.0911102914053854
Mile Higher,a23e18c73fd942fab41bcf6b6a1571da,2460,4.211788617886179,society-culture,0.693089430894309,0.5837497967479675,-0.9911,0.9996,0.8269,2316,1.0621761658031088
Reply All,b36bc2d74d2223534570d3fbfa714466,2364,3.4225888324873095,society-culture,0.5524534686971235,0.45317580372250427,-0.9897,0.9989,0.7003,2154,1.0974930362116992
Shawn Ryan Show,c6ab5d363e6bee97d8a5ac850fff9e61,2213,4.990962494351559,society-culture,0.8856755535472209,0.6922525079078174,-0.8978,0.9986,0.802,2140,1.0341121495327104
Off The Vine with Kaitlyn Bristowe,d739564fca425b41c8c785d82ec64c18,2046,3.286412512218964,society-culture,0.5547409579667644,0.4741021016617791,-0.9912,0.9996,0.7707,1619,1.2637430512662138
Culpable,a2d767cb0a9c7ed599c77756cc1bb311,1818,4.32948294829483,society-culture,0.4933993399339934,0.3841651265126513,-0.9963,0.9971,0.6588,1757,1.0347182697780308
Invisibilia,a5416c179e94a74e61827c88e405b083,1256,3.7906050955414012,science,0.6003184713375797,0.46617014331210194,-0.9957,0.9978,0.70915,1219,1.0303527481542247
The Confessionals,c648bb3380b09f9f08938c3b83d800a3,1114,4.414721723518851,science,0.718132854578097,0.5851385098743267,-0.9935,0.9947,0.79595,1001,1.112887112887113
TED Radio Hour,bda31244e9514743575bfd63b1c2aa6e,932,3.7618025751072963,science,0.6233905579399142,0.49299345493562224,-0.995,0.9988,0.6975,906,1.0286975717439293
"Mysterious Radio: Paranormal, UFO & Lore Interviews",cc16c0fe768adff38e2380215d0e6a3b,866,4.1986143187066975,science,0.7321016166281755,0.6040852193995381,-0.9871,0.9945,0.8225,840,1.0309523809523808
"Weird Darkness: Stories of the Paranormal, Supernatural, Legends, Lore, Mysterious, Macabre, Unsolve...",cfa58135b0f8efbae7db5a9004c7b24b,863,4.597914252607184,science,0.7520278099652375,0.6207707995365007,-0.9783,0.996,0.8402,812,1.062807881773399
Expanded Perspectives,d429cb98dda61ffd52d9edd22ee0b915,818,4.744498777506112,science,0.8276283618581907,0.6903566014669927,-0.8957,0.9979,0.8481,753,1.0863213811420982
Getting Curious with Jonathan Van Ness,e8f17d52aaf96dcf78ce08ee27ac2107,806,4.812655086848635,science,0.9007444168734491,0.7863035980148884,-0.9591,0.9974,0.9099,796,1.0125628140703518
Bret Weinstein | DarkHorse Podcast,bb0c4cca773d570869e1463bfa7967fe,606,3.9768976897689767,science,0.5115511551155115,0.39600148514851485,-0.9951,0.9947,0.6597,512,1.18359375
Sword and Scale Daily,c10c78f320f588bb977d400540761551,473,4.334038054968287,science,0.547568710359408,0.42367420718816073,-0.9683,0.9814,0.5937,473,1.0
Blurry Creatures,a245bc31c6039254341fc3973e3960ed,466,4.819742489270387,science,0.8347639484978541,0.7134463519313304,-0.9399,0.9984,0.85175,448,1.0401785714285714
Monsters Among Us Podcast,a25e950f1530a111b4d83b4d27b4f351,1763,4.73908111174135,religion-spirituality,0.866137266023823,0.714646398184912,-0.9422,0.9971,0.8519,1587,1.1109010712035288
The Positive Head Podcast,bb9ba896707ab780a0a0956b7b2ded09,680,4.872058823529412,religion-spirituality,0.9338235294117647,0.8772219117647059,-0.9774,0.9993,0.96975,663,1.0256410256410255
Friendly Atheist Podcast,d6b971f29047c215fb0fadb2403f5f74,410,4.46829268292683,religion-spirituality,0.6926829268292682,0.5856560975609757,-0.9878,0.9966,0.8225,370,1.1081081081081081
Reasonable Doubts Podcast,e7104a94a5ca47f70c35a24bdcbc8300,381,4.797900262467191,religion-spirituality,0.8398950131233596,0.6676335958005248,-0.9509,0.9975,0.836,381,1.0
Redefining Wealth with Patrice Washington,e26b2b4a0a7292b40dd4100470ad810d,355,4.9915492957746475,religion-spirituality,0.9492957746478873,0.8358169014084507,-0.6792,0.9968,0.9243,345,1.0289855072463767
The Witch Bitch Amateur Hour,e28906f2ebe6a1d91c91a0e8484adc50,339,4.949852507374631,religion-spirituality,0.9410029498525073,0.8499345132743362,-0.8411,0.9964,0.9466,326,1.039877300613497
Walking On Feathers,d96c987f4ce41124bf31e8db686afa47,275,4.985454545454545,religion-spirituality,0.9563636363636364,0.8236810909090908,-0.706,0.9957,0.907,275,1.0
Comfy Cozy Witch Podcast,a3026dd556e0b38daf3395badec9783c,234,4.9743589743589745,religion-spirituality,0.9615384615384616,0.8443756410256411,-0.4738,0.9974,0.934,231,1.0129870129870129
"Witch, Yes!",d1e24b3d4a482ce8e78138ff7be90f25,193,4.979274611398964,religion-spirituality,0.8497409326424871,0.7368031088082901,-0.9883,0.9931,0.8885,154,1.2532467532467533
IN HINDZSIGHT,a6d4198b3e3903d0c2d1737874a5f816,185,4.9837837837837835,religion-spirituality,0.9297297297297298,0.760692972972973,-0.7964,0.9957,0.886,185,1.0
The Daily,b73a459e3b7c4c06805d29349ba3c8cc,5537,3.3440491240744086,news,0.34115947263861296,0.26183935344049125,-0.9972,0.9975,0.4404,4742,1.167650780261493
Pod Save America,bede69aae211565459aceb5f7e8155d3,3453,3.287286417607877,news,0.40225890529973934,0.323580046336519,-0.9965,0.9984,0.5367,2982,1.1579476861167002
True Crime Garage,bfe2ea080760d6108cd24516da2fc9ae,3434,4.4065230052417,news,0.6589982527664531,0.5404402737332555,-0.9963,0.9986,0.784,3122,1.0999359385009608
The Glenn Beck Program,b5cf7d57fdf09b9e4177a0afb8cd467f,2337,4.617886178861789,news,0.6555412922550278,0.49543380402225073,-0.9719,0.9972,0.6476,1984,1.1779233870967742
FiveThirtyEight Politics,e8be02e7d7281ba3edb77da6a9fe95cd,2068,3.4511605415860735,news,0.42166344294003866,0.32929787234042557,-0.9694,0.997,0.50485,1790,1.1553072625698324
The Michael Knowles Show,b9a5920d121ff4e239e6ca3b210e65e7,1780,4.563483146067416,news,0.6325842696629214,0.48747971910112364,-0.9904,0.9975,0.6705,1604,1.1097256857855362
The Andrew Klavan Show,b4d1d1d2490ac5f5bba14498ed55e3d1,1739,4.736630247268545,news,0.7228292121909143,0.5535759631972398,-0.9925,0.9959,0.7263,1592,1.0923366834170853
Comments by Celebs,da3f9eb2e78a074ce00c5a865b625e04,1460,4.251369863013698,news,0.739041095890411,0.6424544520547946,-0.9596,0.9994,0.88525,1193,1.2238055322715842
Pantsuit Politics,a343c93505bffeaf20564bd2977b4743,1372,4.475947521865889,news,0.8112244897959183,0.6891371720116618,-0.9913,0.9971,0.8745,1326,1.0346907993966818
Reality Life with Kate Casey,a24cd441f81e10932fed544b84e98133,1313,4.563594821020564,news,0.8042650418888042,0.6884124904798172,-0.974,0.9949,0.8655,1167,1.1251071122536418
Daebak Show w/ Eric Nam,c2f3608087c2d9109b0f76a42ce880cb,2983,4.984244049614482,music,0.9453570231310761,0.7917121354341268,-0.7648,0.9982,0.8825,2829,1.0544361965358784
I Think You're Dope w/ Eric Nam,c7f9080a38ec42689e444c53d81967bb,538,5.0,music,0.9070631970260223,0.7602836431226766,-0.7202,0.9991,0.87025,536,1.0037313432835822
METAL UP YOUR PODCAST - All Things Metallica,b25be8d119565f9ab2eb20b8c2581eca,481,4.979209979209979,music,0.9022869022869023,0.7807825363825365,-0.918,0.998,0.8955,438,1.0981735159817352
Caresha Please,e9f25e444977273f2d503aadc943e874,456,4.934210526315789,music,0.7719298245614035,0.5531526315789475,-0.9021,0.983,0.6696,455,1.0021978021978022
Wind of Change,d8b1de09faa2bfa18ea4792c7f4246b2,334,3.9580838323353293,music,0.5898203592814372,0.4805350299401197,-0.9578,0.9875,0.7075,334,1.0
Strong Songs,bcab47e4b4e60aaf6338cbd38c9c77e8,322,4.9813664596273295,music,0.9627329192546584,0.8204459627329191,-0.5308,0.9984,0.90535,318,1.0125786163522013
UNBOXING w/ JINJIN & KINO,b033bd7babc6a82f7f62c3b738ea4552,297,4.98989898989899,music,0.9595959595959596,0.7876383838383839,-0.4966,0.9971,0.8548,297,1.0
No Jumper,d4d35fad71d7a03c70ae90840761e422,292,4.335616438356165,music,0.363013698630137,0.2679424657534247,-0.9563,0.9817,0.37845,233,1.2532188841201717
Modern Musician,fb90de45dcdb8e4d8dc47e0801b208e6,269,4.944237918215613,music,0.895910780669145,0.6848275092936802,-0.5574,0.9918,0.7906,269,1.0
Decomposed with Jade Simmons,fe86d2fd274e1bafb07b0d8af7812866,268,4.940298507462686,music,0.914179104477612,0.7698,-0.6649,0.9883,0.8684000000000001,265,1.0113207547169811
The CouRage and Nadeshot Show,db95d044230365b900c50e45c12209ae,861,4.9488966318234615,leisure,0.8664343786295006,0.7273295005807202,-0.8375,0.997,0.8728,835,1.0311377245508981
The Glass Cannon Podcast,d80a06e5e8c723e89361037c82902ae6,811,4.938347718865598,leisure,0.872996300863132,0.7397249075215783,-0.9299,0.9977,0.8807,787,1.0304955527318933
Sneak Attack!,a48683a50aa4100130f8432c27488c17,639,4.879499217527386,leisure,0.8810641627543035,0.7759219092331767,-0.9562,0.9988,0.9098,597,1.07035175879397
Androids & Aliens,cb469cced4ad1e5496e89c9916b433dd,599,4.959933222036728,leisure,0.8597662771285476,0.713961101836394,-0.7251,0.9966,0.8555,588,1.0187074829931972
Nintendo Voice Chat,b9882bf2a7b5d0d2dfcab43a7be6d1c7,599,4.440734557595993,leisure,0.8564273789649416,0.7171353923205342,-0.9515,0.9982,0.8777,583,1.0274442538593482
The Command Zone,a7d19a3dd5d6c419be674ce086ba0d86,585,4.912820512820513,leisure,0.9247863247863248,0.7785996581196581,-0.7326,0.9964,0.8883,572,1.0227272727272727
Critical Role,af6c694ee9ee18c1d699d35056a96fd5,579,4.867012089810017,leisure,0.7910189982728842,0.6693262521588946,-0.8127,0.9942,0.8584,553,1.047016274864376
Waypoint Radio,dfe5e09f3bda9bbcb4c025415292e2f8,570,4.554385964912281,leisure,0.6298245614035087,0.48947912280701755,-0.9741,0.9935,0.6384000000000001,536,1.0634328358208955
Daily Fortnite,fb02c923f77bed84cec0134207ccc671,549,4.954462659380692,leisure,0.843351548269581,0.6530573770491803,-0.8636,0.9981,0.7845,396,1.3863636363636365
World of Warcast: A World of Warcraft Podcast,b7bf8724fe030bd03aae3d204c10deb4,508,3.970472440944882,leisure,0.7322834645669292,0.6293051181102363,-0.9387,0.9959,0.85335,506,1.0039525691699605
Smash Boom Best,c3f080cc393035a81d4ac7c7bff1c6c1,4101,4.776396000975372,kids-family,0.6386247256766642,0.49051823945379175,-0.9971,0.9999,0.6369,2543,1.6126622099882029
Greeking Out from National Geographic Kids,d932c422cf9912aaf2dda5d85db16bc5,1510,4.856953642384106,kids-family,0.7092715231788079,0.5462496026490067,-0.8172,1.0,0.6981999999999999,1121,1.3470115967885816
The Purple Rocket Podcast,f9eb298b7fb95f95f75a8c41189e53a8,856,4.8703271028037385,kids-family,0.7616822429906542,0.6429021028037384,-0.9161,0.9996,0.84405,449,1.9064587973273943
Mommies Tell All,c0e0dcd041db64885fdbc0aab607c389,815,3.1423312883435583,kids-family,0.5337423312883436,0.49035742331288346,-0.9932,0.9967,0.802,760,1.0723684210526316
Unlocking The Magic: Talking all things Disney World and Disneyland,b33695f919e0503079f53c68db089520,809,4.8974042027194065,kids-family,0.9517923362175525,0.8448556242274413,-0.9113,0.9988,0.9286,769,1.0520156046814044
Living Fully with Mallory Ervin,a3f4886216c4f2b0337606ee676b140f,736,4.903532608695652,kids-family,0.9483695652173914,0.8122854619565218,-0.9626,0.9962,0.8898,720,1.0222222222222221
Big Life Kids Podcast,e0f1b83a695f6edc47bc35cba39d99aa,690,4.801449275362319,kids-family,0.8695652173913043,0.7244801449275362,-0.8689,0.9982,0.8658,599,1.1519198664440735
Hot Marriage. Cool Parents.,c7b33feccdf50a7ba450bf15a8fc1274,685,4.683211678832117,kids-family,0.8744525547445255,0.7914186861313869,-0.9747,0.9983,0.9387,610,1.1229508196721312
The Holderness Family Podcast,e74cb47a28d8fa735d2b6d6327e5cdb9,660,4.925757575757576,kids-family,0.9454545454545454,0.8434695454545454,-0.7583,0.9984,0.93035,636,1.0377358490566038
Short & Curly,c628ec2c39b1f3c68adc501a002a420c,633,4.684044233807267,kids-family,0.7377567140600316,0.5788451816745656,-0.9994,0.9999,0.775,391,1.618925831202046
Unorthodox,ac046bf93323b449e99ced0b5fcec145,299,4.8193979933110365,judaism,0.8929765886287625,0.7343274247491638,-0.6741,0.998,0.8585,291,1.0274914089347078
Beginning Within,e6531554ae340546aeaa2f3c72807577,118,4.991525423728813,judaism,0.8813559322033898,0.6548313559322034,-0.4767,0.9712,0.76115,118,1.0
Messianic Jewish Teachings: David Levine,e5ca01c39bbac79f08581e3de827a1dc,86,3.2790697674418605,judaism,0.3372093023255814,0.3175906976744186,-0.8555,0.9974,0.5261499999999999,83,1.036144578313253
Jewish Latin Princess,f6676c2a2cf0c2a61e4f72bd1fd6381b,73,5.0,judaism,0.958904109589041,0.8331904109589041,-0.4019,0.986,0.9159,70,1.042857142857143
Judaism Unbound,a09aac928f460dcf7a23aa8bd48fca7d,73,4.835616438356165,judaism,0.8082191780821918,0.6371657534246575,-0.6599,0.9831,0.8122,73,1.0
Rabbi Daniel Lapin,fc3808fdfde6e5d0f6cf6be5860de009,66,4.833333333333333,judaism,0.8787878787878788,0.6819681818181819,-0.5255,0.9901,0.8158,64,1.03125
Stuff Jews Should Know,c41e5a64380e12695a00a777f58e775b,65,4.938461538461539,judaism,0.9538461538461539,0.7928184615384616,-0.0418,0.9914,0.886,65,1.0
Human & Holy,f3e799d9b8648bd048657108384c8596,53,5.0,judaism,0.9056603773584906,0.7545245283018869,-0.25,0.9833,0.8835,53,1.0
The Tikvah Podcast,cf82730bb56bc0ea2601ce7f36d667d6,51,4.7254901960784315,judaism,0.8431372549019608,0.6279509803921567,-0.9079,0.9967,0.7506,47,1.0851063829787233
Tel Aviv Review,f0c59d43f884807e9df72b4c42e72b8b,49,4.795918367346939,judaism,0.8979591836734694,0.687365306122449,-0.9512,0.9964,0.8173,44,1.1136363636363635
Lore,cadc6a8ec87e011663a28ccf29035a7d,1663,4.051112447384245,history,0.6458208057727,0.5179138304269393,-0.9949,0.9972,0.7275,1573,1.0572155117609663
Noble Blood,f416dbd6e2740cacc5bec1a37de8f3d4,1481,4.523970290344362,history,0.7900067521944631,0.6407748818365968,-0.983,0.998,0.8213,1417,1.045165843330981
American Scandal,c19c56eed5f36489fb1bdff7e742b038,1444,4.316481994459834,history,0.5657894736842105,0.4449576177285319,-0.9917,0.9922,0.6751,1393,1.0366116295764538
Throughline,eff0d55df3b0d1ec61b6fb87faac2398,1429,4.15815255423373,history,0.6620013995801259,0.5204281315605318,-0.992,0.9951,0.7269,1352,1.0569526627218935
American History Tellers,e48360bd07d7b284dcfd129fe3904f97,1264,4.339398734177215,history,0.7033227848101266,0.56543125,-0.9927,0.9943,0.78625,1220,1.0360655737704918
Real Ghost Stories Online,ea4b525704af18de84441d0f37244cff,1056,4.0397727272727275,history,0.7301136363636364,0.5995775568181818,-0.984,0.9968,0.807,1002,1.0538922155688624
Astonishing Legends,bb1ee4da8321bbb9d384ceaf4890b57f,1032,4.192829457364341,history,0.7374031007751938,0.6051505813953488,-0.9808,0.9982,0.8223,956,1.0794979079497908
Cocaine & Rhinestones: The History of Country Music,f1225e5885260bbd85866dd654550ae1,953,4.8100734522560336,history,0.8719832109129066,0.7042180482686253,-0.9259,0.996,0.8357,930,1.0247311827956989
Slow Burn,c4f6ee92e48accf5e33c2c8fb8857830,906,3.9216335540838854,history,0.44260485651214126,0.3309673289183223,-0.9904,0.9893,0.5574,881,1.0283768444948922
Unobscured,a79cb5d0a000af8fce05e2958100e5b0,827,4.575574365175332,history,0.7581620314389359,0.6086008464328899,-0.9783,0.9948,0.7934,811,1.0197287299630087
Mind Pump: Raw Fitness Truth,a37fb116709bfdb2dd58ea4f784cb815,2855,4.841681260945709,health-fitness,0.92784588441331,0.805341646234676,-0.9869,0.9988,0.9099,2591,1.101891161713624
The Mindset Mentor,b5c350c463c787b2b02204029bfc0885,2491,4.9088719389803295,health-fitness,0.7968687274187074,0.6434845443596949,-0.9756,0.9972,0.807,2357,1.0568519304200255
Highest Self Podcast,f529487b091b7659049b17420ae20267,2274,4.924802110817942,health-fitness,0.9511873350923483,0.8434901055408971,-0.9686,0.9994,0.92715,2214,1.02710027100271
Sleep With Me,b69677f9f694bd3566eaf9fff0343784,1643,4.421180766889836,health-fitness,0.6195982958003652,0.5097247717589775,-0.9921,0.9978,0.7351,1511,1.0873593646591662
Healthier Together,c4b4a343d1131676bf592d266629d6dc,1412,4.946175637393767,health-fitness,0.9603399433427762,0.8474036827195467,-0.7463,0.9971,0.92595,1354,1.0428360413589366
The Model Health Show,c9add5e9e81a4b3ca963adab5b87083f,1303,4.762087490406754,health-fitness,0.88871834228703,0.7936495011511897,-0.9702,0.9987,0.9357,1253,1.0399042298483638
Biceps After Babies Radio,bd1eeaa544589b34fe3056a7a60d9360,1282,4.981279251170047,health-fitness,0.9461778471138845,0.7960125585023401,-0.9546,0.995,0.88285,1257,1.0198886237072395
Ali on the Run Show,d2042758dcacc179d98a76d7673065ac,1273,4.955223880597015,health-fitness,0.9701492537313433,0.8775253731343281,-0.8241,0.9964,0.9408,1203,1.058187863674148
Food Heaven Podcast,f42b4160ff9b8933d74c411ee40596ea,915,4.956284153005464,health-fitness,0.9551912568306011,0.8366167213114755,-0.941,0.9975,0.9215,891,1.026936026936027
The Human Upgrade with Dave Asprey—formerly Bulletproof Radio,bffe9d51afd8a6c6a89c7cbb06da788f,803,4.488169364881694,health-fitness,0.8518057285180572,0.7073625155666251,-0.9847,0.9993,0.8655,767,1.046936114732725
Political Gabfest,cdfe385f2494f58cedfccd42f49a7db9,779,3.833119383825417,government,0.5327342747111682,0.41689088575096284,-0.9973,0.9964,0.6369,734,1.061307901907357
Ruthless,dfe8c6d0dfe36f106f3df419e4abdebf,686,4.666180758017493,government,0.7419825072886297,0.6269371720116619,-0.9524,0.9978,0.8591,658,1.0425531914893618
More Perfect,a21fa119edfd50d4019f86ff9f1a70bc,602,3.971760797342193,government,0.7059800664451827,0.5509689368770765,-0.9726,0.9961,0.75645,597,1.0083752093802345
Democracy Now! Audio,ebd7d4685c1640d06f4244f892ce2b50,574,4.439024390243903,government,0.5592334494773519,0.39785609756097556,-0.9939,0.9887,0.5696,561,1.0231729055258467
Can He Do That?,f1a7cabd6127108563a0e38ae044b88a,550,3.556363636363636,government,0.39636363636363636,0.2915361818181818,-0.9961,0.9956,0.4404,540,1.0185185185185186
You and Me Both with Hillary Clinton,f166920aaa23f51ea489448a9f640a80,485,4.05360824742268,government,0.6206185567010309,0.5352847422680412,-0.9724,0.9978,0.8225,483,1.0041407867494825
Words Matter,f82d142153659c0dba720c70c6d849eb,354,4.2740112994350286,government,0.5903954802259888,0.4875694915254238,-0.9448,0.9962,0.73185,343,1.032069970845481
John Solomon Reports,fd12d32595b56e3dd852a10a2b0f6828,351,4.464387464387465,government,0.5242165242165242,0.3838931623931624,-0.939,0.9897,0.5562,336,1.0446428571428572
FBI Retired Case File Review,ab471ba709d0cb6b5c97bef34d64de4b,322,4.683229813664596,government,0.7857142857142857,0.6586096273291925,-0.9477,0.9967,0.8478,303,1.0627062706270627
The Asset,b98e77ee6e27c0ecec581a6ba1fcdece,159,4.415094339622642,government,0.4339622641509434,0.32068364779874214,-0.9256,0.9826,0.52,159,1.0
Scared To Death,b9a8d90ae43232769ecc68d7defb0c38,2893,4.649844452125821,fiction,0.6730038022813688,0.5503727618389215,-0.9821,0.9955,0.796,2733,1.0585437248444933
Nothing much happens; bedtime stories to help you sleep,c54d17cdabe329c9af0e6a2e288fba41,986,4.809330628803245,fiction,0.8133874239350912,0.6801547667342799,-0.8976,0.9978,0.8546,914,1.0787746170678336
Get Sleepy: Sleep meditation and stories,afa1dbed976ad96d42a11b5eeb1e17db,587,4.499148211243612,fiction,0.7325383304940375,0.6125475298126065,-0.908,0.9964,0.804,574,1.0226480836236933
Blood Ties,b2d30d9df75edabad573a0b6e1a48c6b,520,3.9269230769230767,fiction,0.551923076923077,0.4132188461538462,-0.9907,0.9947,0.613,516,1.0077519379844961
Hank the Cowdog,e423020142df80c82dff46c7fd582044,497,4.806841046277666,fiction,0.8370221327967807,0.6815953722334004,-0.9485,0.9904,0.8172,494,1.0060728744939271
The Leviathan Chronicles,f4285e8b5cc199d83e2407bb87716e28,491,4.39714867617108,fiction,0.8024439918533605,0.6434963340122198,-0.9099,0.9987,0.8166,491,1.0
Vote For Love,ccec3c750c1b028f6e90fa0ddb33bd95,491,4.802443991853361,fiction,0.9083503054989817,0.7699904276985743,-0.8947,0.9939,0.8832,491,1.0
Archive 81,fa0dd06c44c889d794923e37101f4a59,489,4.29038854805726,fiction,0.6114519427402862,0.49313394683026596,-0.9955,0.9943,0.7345,489,1.0
Heads of Sierra Blanca,c30927313e578b625c1a264304998a1b,489,2.208588957055215,fiction,-0.07975460122699386,-0.07485848670756647,-0.9965,0.9788,-0.0772,489,1.0
LifeAfter/The Message,f5b6a0c46d8e3e0f248a5a839d44343a,483,4.333333333333333,fiction,0.7018633540372671,0.5457517598343685,-0.9773,0.9974,0.7339,483,1.0
Wow in the World,bad6c91efdbee814db985c7a65199604,9698,4.7762425242318,education,0.7265415549597856,0.5875344400907403,-0.9999,1.0,0.7535000000000001,4905,1.9771661569826708
Know Your Aura with Mystic Michaela,e6568415fd1b0c32cbefbb4cb6dc78d2,5059,4.9835935955722475,education,0.9515714568096462,0.8256989721288793,-0.9758,0.9988,0.9101,4358,1.1608536025699863
Manifestation Babe,eb31bc4c8bf332569e5697d3166a4fec,1634,4.9222766217870255,education,0.9302325581395349,0.8106963280293757,-0.7574,0.9976,0.9105,1616,1.011138613861386
Good Night Stories for Rebel Girls,a137be8f8b4d863a2ff4490355d002ff,1540,4.71948051948052,education,0.8006493506493506,0.6417555194805195,-0.9722,0.9996,0.7964,1135,1.3568281938325992
Happier with Gretchen Rubin,a627d4945f6fcfc2c9050233cbb5369a,1399,4.751250893495354,education,0.9320943531093638,0.8019089349535384,-0.9135,0.9968,0.9078,1350,1.0362962962962963
Science Vs,c6e025d501ac8cc015870e2ddefd59f5,1197,3.5421888053467,education,0.5530492898913951,0.4482406850459483,-0.9963,0.9961,0.7003,1149,1.04177545691906
Philosophize This!,deb18c273e2ee210c39998f8575af7ae,1125,4.8453333333333335,education,0.8915555555555555,0.7115640888888889,-0.8957,0.9987,0.8349,1100,1.0227272727272727
Almost 30,f81c8201b9e4f47961987e287ac54cc0,1080,4.337962962962963,education,0.8101851851851852,0.7263292592592593,-0.9852,0.9986,0.933,1025,1.053658536585366
Something You Should Know,c692ee52722021bbda6c0628845be84b,1038,4.703275529865126,education,0.8786127167630058,0.6787937379576108,-0.9758,0.993,0.80515,987,1.0516717325227964
Duolingo Spanish Podcast,c88a64d98da7daf286f406c7c49f925b,939,4.332268370607029,education,0.7380191693290735,0.5969796592119275,-0.9632,0.9985,0.7955,909,1.033003300330033
My Favorite Murder with Karen Kilgariff and Georgia Hardstark,bc5ddad3898e0973eb541577d1df8004,10675,3.605714285714286,comedy,0.5357377049180327,0.4469651615925059,-0.9977,0.9986,0.7184,9587,1.113487013664337
Story Pirates,f2377a9b0d9a2e0fb05c3dad55759328,7389,4.735552848829341,comedy,0.5820814724590607,0.4660302341318176,-0.9991,1.0,0.6369,3252,2.272140221402214
Wine & Crime,afd327a6d5dc6c30e8db4c883f705c46,4490,4.74543429844098,comedy,0.8026726057906459,0.674972004454343,-0.9956,0.9982,0.8598,4193,1.0708323396136419
Armchair Expert with Dax Shepard,d4baff0192b5f556b0c3f2a273e98e93,4431,4.123674114195441,comedy,0.7296321372150756,0.6320299029564432,-0.9871,0.9992,0.8689,3946,1.122909275215408
Ologies with Alie Ward,e6dc31392a05c976072c9aa83b27f567,4165,4.909243697478992,comedy,0.9063625450180072,0.807374549819928,-0.9892,0.9983,0.9313,3992,1.0433366733466933
Zane and Heath: Unfiltered,f128fb4dc8ebe97bd98a31de66d19b45,4062,4.815854258985722,comedy,0.8060068931560808,0.6717048744460857,-0.964,0.9987,0.8462,3712,1.0942887931034482
And That's Why We Drink,b36117b22ff78f5c98a1cb66eb13490d,3848,4.505197505197505,comedy,0.8032744282744283,0.6973997661122661,-0.9919,0.9977,0.8979,3602,1.0682953914491948
What If World - Stories for Kids,ddd451a18055f0108edf79f8c3c9bf15,3528,4.8313492063492065,comedy,0.6658163265306123,0.5225910147392291,-0.9953,0.9998,0.6705,1878,1.878594249201278
Girls Gotta Eat,ed1d26a2f16587ec292421e188f8ee83,3463,3.7782269708345364,comedy,0.663297718740976,0.562314438348253,-0.9898,0.9973,0.8165,3043,1.1380216891225765
Be There in Five,da8fc675052df9f7d581cd06f5bb6940,3034,4.898154251812788,comedy,0.9143045484508899,0.7785578114700067,-0.8934,0.9995,0.8932,2866,1.0586182833217028
That Sounds Fun with Annie F. Downs,ffc15725aa93982af70fad75bee49e1a,1240,4.895161290322581,christianity,0.9596774193548387,0.8687487096774194,-0.8637,0.9981,0.9416,1182,1.0490693739424704
Joel Osteen Podcast,f4611ddbb62e95ce0a287bfd6da597de,1026,3.7514619883040936,christianity,0.6364522417153996,0.5372418128654971,-0.9888,0.9988,0.7717,993,1.0332326283987916
Timothy Keller Sermons Podcast by Gospel in Life,d21e31d7c5c10fe42f9f430c0f502855,963,4.898234683281412,christianity,0.8847352024922118,0.6991341640706127,-0.7003,0.9951,0.8165,920,1.0467391304347826
The Next Right Thing,c0a88c0d4805cf60bb90ca34337438f4,882,4.926303854875283,christianity,0.95578231292517,0.8200561224489795,-0.8622,0.9969,0.9171,866,1.0184757505773672
Mormon Stories - LDS,f560777de9ac31484aa74e5b16a91b47,811,4.336621454993835,christianity,0.7127003699136868,0.5752911220715167,-0.9617,0.995,0.7964,775,1.0464516129032257
Journeywomen,be7e52a35796d78e5ba94b04339e33b6,796,4.976130653266332,christianity,0.9736180904522613,0.8861111809045227,-0.3947,0.9975,0.9449,785,1.0140127388535032
Born to Impact,c2eef89dd005fd97c88ae6a4191d3d78,788,4.881979695431472,christianity,0.8972081218274112,0.7025447969543148,-0.9563,0.9975,0.8124,771,1.0220492866407263
The Bible Binge,f034c2c035198bcfd781907627876430,785,4.763057324840764,christianity,0.9210191082802548,0.7955969426751592,-0.8932,0.9988,0.9168,769,1.0208062418725619
Pints With Aquinas,dbff7172efd9adb50e02f573f43f983f,716,4.868715083798882,christianity,0.9175977653631285,0.7645854748603351,-0.9428,0.9993,0.8698,703,1.0184921763869133
Exploring My Strange Bible,eaf0048c493d201c40cc1850d78196e8,671,4.983606557377049,christianity,0.9448584202682563,0.791519821162444,-0.7067,0.9967,0.8906,664,1.0105421686746987
Don't Keep Your Day Job,e4f40593687b648068b986ad01bacb7d,3288,4.940085158150851,business,0.9540754257907542,0.8362560523114355,-0.8658,0.9993,0.9215,3011,1.0919960146130854
The Dave Ramsey Show,d1c2ee274bcf6188e5b6202fb1273452,2198,3.545495905368517,business,0.48817106460418563,0.38732493175614197,-0.9882,0.9984,0.63305,1819,1.2083562396921386
Jocko Podcast,a3a535f66c7e8004e7dc54c2b2829a9e,1436,4.853760445682451,business,0.754874651810585,0.6009812674094708,-0.9798,0.9967,0.78335,1334,1.0764617691154423
RISE podcast,f335df99185d1401ada492230b42514a,1280,3.61875,business,0.61640625,0.546588359375,-0.9827,0.9985,0.84155,1214,1.0543657331136738
Planet Money,fa3cac03e05c1e9ec792e95e4850d7ce,1268,4.014984227129338,business,0.6332807570977917,0.49624692429022077,-0.9744,0.9938,0.7051499999999999,1197,1.059314954051796
ChooseFI,cc451ec20dfe8f985c246cc71749917d,1055,4.712796208530806,business,0.9146919431279621,0.7856824644549762,-0.9673,0.999,0.9124,1009,1.045589692765114
BiggerPockets Real Estate Podcast,c5f250bd8c7263eb67bf89846d47d24b,1036,4.61003861003861,business,0.8571428571428571,0.6986254826254827,-0.9543,0.9988,0.8407,1020,1.0156862745098039
Macro Voices,ce13112f4ae0fd664ebfb4f549b841fa,887,4.792559188275084,business,0.7914317925591883,0.6052613303269447,-0.9062,0.9896,0.7424,829,1.0699638118214716
The Ryan Pineda Show,ec93305028debec92ed0681fa5742a90,803,4.976338729763388,business,0.9178082191780822,0.7198352428393524,-0.7269,0.9903,0.8143,791,1.0151706700379266
Trading Secrets,f37de1f9e2221d325627021c0ea7495b,772,4.88860103626943,business,0.9365284974093264,0.8060980569948187,-0.9182,0.9971,0.9059,702,1.0997150997150997
Little Stories for Tiny People: Anytime and bedtime stories for kids,da75affedf5e432198413b9a3a9bddf0,1766,4.818799546998868,arts,0.8091732729331823,0.6696181200453001,-0.9727,0.9982,0.8271999999999999,1056,1.6723484848484849
LadyGang,d34629baca14d87860276b12a6cb7a3b,1478,4.259810554803789,arts,0.6948579161028416,0.5967251691474966,-0.9785,0.9989,0.8439,1321,1.1188493565480697
Absolutely Not,beea9ae6cbe2011ad21923572ee4598f,1428,4.611344537815126,arts,0.7871148459383753,0.6293717787114845,-0.9733,0.9965,0.8158,1314,1.08675799086758
WTF with Marc Maron Podcast,df6cb13f95aec96d9282c6fa3cf506ac,1412,4.308073654390935,arts,0.6352691218130312,0.5062654390934844,-0.9952,0.9997,0.72915,1166,1.2109777015437393
Potterless,ea0f9fd204175e5a668a1c4b8084d442,1123,4.457702582368656,arts,0.7907390917186109,0.678912466607302,-0.9752,0.9988,0.8846,1058,1.061436672967864
A Dana Perino Podcast: Everything Will Be Okay,ba9407243dfdf7e3f129b92ca493b8d7,1118,4.353309481216458,arts,0.7397137745974955,0.6207420393559927,-0.993,0.9985,0.82605,935,1.19572192513369
The Jeselnik & Rosenthal Vanity Project,ffd0e3e2957338ee79bbb5ef6ee1b353,973,4.7656731757451185,arts,0.5868448098663926,0.4496207605344296,-0.9468,0.9937,0.6114,859,1.1327124563445867
Here's The Thing with Alec Baldwin,aecafebb296672ae4ca52d76d7e6e0c3,881,4.211123723041998,arts,0.677639046538025,0.5671124858115777,-0.9801,0.9954,0.8074,841,1.04756242568371
Snap Judgment,f2970432aad718a000ebac10e48ae6b0,819,4.501831501831502,arts,0.7887667887667887,0.626786691086691,-0.9828,1.0,0.8016,748,1.0949197860962567
Bertcast's podcast,bfdd855eb94482ab79617ad580270790,706,4.335694050991502,arts,0.6345609065155807,0.5062576487252125,-0.9976,0.9959,0.6976,654,1.0795107033639144
